{
  "model/models.js": 1730108189045,
  "i18n/i18n.properties": 1730108189045,
  "controller/EASelfAssessmentForm.controller.js": 1731043672356,
  "controller/App.controller.js": 1730108189049,
  "manifest.json": 1731067374765,
  "Component.js": 1730108189037,
  "model/models-dbg.js": 1730108189045,
  "model/models.js.map": 1731067375031,
  "controller/EASelfAssessmentForm-dbg.controller.js": 1731043672356,
  "controller/EASelfAssessmentForm.controller.js.map": 1731067375078,
  "controller/App-dbg.controller.js": 1730108189049,
  "controller/App.controller.js.map": 1731067375029,
  "Component-dbg.js": 1730108189037,
  "Component.js.map": 1731067375032,
  "Component-preload.js": 1731067375223,
  "Component-preload.js.map": 1731067375223,
  "view/EASelfAssessmentForm.view.xml": 1731067352050,
  "view/App.view.xml": 1730108189049,
  "css/style.css": 1730108189049,
  "index.html": 1730108189041
}